{"cameraMode":{"drawMode":0,"name":"Shaded","section":"Shading Mode"},"sceneLighting":true,"audioPlay":false,"sceneViewState":{"m_AlwaysRefresh":false,"showFog":true,"showSkybox":true,"showFlares":true,"showImageEffects":true,"showParticleSystems":true,"showVisualEffectGraphs":true,"m_FxEnabled":true},"in2DMode":false,"pivot":{"x":-0.04970359802246094,"y":-15.041460037231446,"z":-1.3585968017578126},"rotation":{"x":0.029804162681102754,"y":0.9319385886192322,"z":-0.3527110815048218,"w":0.07874908298254013},"size":27.5499267578125,"orthographic":false}